[
  {
    "stdout_filepath": "problem_iter14_response0.txt_stdout.txt",
    "code_path": "problem_iter14_code0.py",
    "code": "import numpy as np\nimport random\nimport math\nimport scipy\nimport torch\ndef priority_v2(item: float, bins_remain_cap: np.ndarray) -> np.ndarray:\n    \"\"\"\n    Returns priority with which we want to add item to each bin.\n\n    This implementation prioritizes bins that are nearly full, applies a quadratic penalty\n    for gaps to prevent fragmentation, and strictly penalizes bins that cannot fit the item.\n\n    Args:\n        item: Size of item to be added to the bin.\n        bins_remain_cap: Array of capacities for each bin.\n\n    Returns:\n        Array of same size as bins_remain_cap with priority score of each bin.\n    \"\"\"\n    # Base priority for feasible bins: higher priority for bins with less remaining capacity\n    base_priority = -bins_remain_cap\n\n    # Penalize bins that have less capacity than the item itself (strict infeasibility)\n    penalty_infeasibility = np.where(bins_remain_cap < item, -np.inf, 0)\n\n    # Quadratic gap penalty to favor bins that reduce the gap more\n    gap_penalty = (bins_remain_cap - item) ** 2\n\n    # Combine base priority, gap penalty, and infeasibility penalty into a final score\n    priority_score = base_priority - gap_penalty + penalty_infeasibility\n\n    return priority_score",
    "response_id": 0,
    "obj": 4.048663741523748,
    "SLOC": 6.0,
    "cyclomatic_complexity": 1.0,
    "exec_success": true
  },
  {
    "stdout_filepath": "problem_iter14_response1.txt_stdout.txt",
    "code_path": "problem_iter14_code1.py",
    "code": "import numpy as np\nimport random\nimport math\nimport scipy\nimport torch\ndef priority_v2(item: float, bins_remain_cap: np.ndarray) -> np.ndarray:\n    \"\"\"Returns priority with which we want to add item to each bin.\n\n    This implementation prioritizes bins that can accommodate the item with a higher\n    remaining capacity. It heavily penalizes bins that cannot accommodate the item.\n    Quadratic penalties are used to discourage over-penalty for underused bins.\n\n    Args:\n        item: Size of item to be added to the bin.\n        bins_remain_cap: Array of capacities for each bin.\n\n    Returns:\n        Array of same size as bins_remain_cap with priority score of each bin.\n    \"\"\"\n    # Linear priority based on remaining capacity\n    base_priority = np.where(bins_remain_cap >= item, bins_remain_cap - item, -np.inf)\n\n    # Quadratic penalty for underused bins to discourage leftover space\n    usage_discount = (bins_remain_cap.max() - bins_remain_cap)**2 * 0.01\n\n    # Heavily penalize infeasible bins\n    penalty = np.where(bins_remain_cap < item, -np.inf, 0)\n\n    # Combine base priority and usage discount\n    priority_score = base_priority - usage_discount + penalty\n\n    return priority_score",
    "response_id": 1,
    "obj": 149.30195452732352,
    "SLOC": 6.0,
    "cyclomatic_complexity": 1.0,
    "exec_success": true
  },
  {
    "stdout_filepath": "problem_iter14_response2.txt_stdout.txt",
    "code_path": "problem_iter14_code2.py",
    "code": "import numpy as np\nimport random\nimport math\nimport scipy\nimport torch\ndef priority_v2(item: float, bins_remain_cap: np.ndarray) -> np.ndarray:\n    \"\"\"\n    Returns priority with which we want to add item to each bin.\n\n    This implementation focuses on normalized remaining capacity, penalizes infeasibility,\n    and smoothly penalizes gaps to balance the usage of bins effectively.\n\n    Args:\n        item: Size of item to be added to the bin.\n        bins_remain_cap: Array of remaining capacities for each bin.\n\n    Returns:\n        Array of same size as bins_remain_cap with priority score of each bin.\n    \"\"\"\n    # Set a high negative score for infeasible bins\n    infeasibility_penalty = np.where(bins_remain_cap < item, -np.inf, 0)\n\n    # Normalize remaining capacities\n    max_cap = bins_remain_cap.max()\n    if max_cap > 0:\n        normalized_cap = bins_remain_cap / max_cap\n    else:\n        normalized_cap = bins_remain_cap\n\n    # Base priority: prioritize nearly full bins\n    base_priority = normalized_cap * (bins_remain_cap >= item)\n\n    # Smooth penalty for remaining gaps to avoid suboptimal gaps\n    remaining_after_item = np.maximum(bins_remain_cap - item, 0)\n    smooth_penalty = -0.01 * remaining_after_item ** 2\n\n    # Combine the base priority and smooth penalty into a final score\n    priority_score = base_priority + smooth_penalty + infeasibility_penalty\n\n    return priority_score",
    "response_id": 2,
    "obj": 4.048663741523748,
    "SLOC": 6.0,
    "cyclomatic_complexity": 1.0,
    "exec_success": true
  },
  {
    "stdout_filepath": "problem_iter14_response3.txt_stdout.txt",
    "code_path": "problem_iter14_code3.py",
    "code": "import numpy as np\nimport random\nimport math\nimport scipy\nimport torch\ndef priority_v2(item: float, bins_remain_cap: np.ndarray) -> np.ndarray:\n    \"\"\"\n    Returns priority with which we want to add item to each bin.\n\n    This implementation prioritizes bins that are nearly full, applies a quadratic penalty\n    for gaps to prevent fragmentation, and strictly penalizes bins that cannot fit the item.\n\n    Args:\n        item: Size of item to be added to the bin.\n        bins_remain_cap: Array of capacities for each bin.\n\n    Returns:\n        Array of same size as bins_remain_cap with priority score of each bin.\n    \"\"\"\n    # Base priority for feasible bins: higher priority for bins with less remaining capacity\n    base_priority = -bins_remain_cap\n\n    # Penalize bins that have less capacity than the item itself (strict infeasibility)\n    penalty_infeasibility = np.where(bins_remain_cap < item, -np.inf, 0)\n\n    # Quadratic gap penalty to favor bins that reduce the gap more\n    gap_penalty = (bins_remain_cap - item) ** 2\n\n    # Combine base priority, gap penalty, and infeasibility penalty into a final score\n    priority_score = base_priority - gap_penalty + penalty_infeasibility\n\n    return priority_score",
    "response_id": 3,
    "obj": 4.048663741523748,
    "SLOC": 6.0,
    "cyclomatic_complexity": 1.0,
    "exec_success": true
  },
  {
    "stdout_filepath": "problem_iter14_response4.txt_stdout.txt",
    "code_path": "problem_iter14_code4.py",
    "code": "import numpy as np\nimport random\nimport math\nimport scipy\nimport torch\ndef priority_v2(item: float, bins_remain_cap: np.ndarray) -> np.ndarray:\n    \"\"\"\n    Returns priority with which we want to add item to each bin.\n\n    This implementation normalizes the remaining capacity, penalizes infeasibility,\n    and prioritizes bins with near full capacity by penalizing larger gaps quadratically.\n\n    Args:\n        item: Size of item to be added to the bin.\n        bins_remain_cap: Array of capacities for each bin.\n\n    Returns:\n        Array of same size as bins_remain_cap with priority score of each bin.\n    \"\"\"\n    # Normalize remaining capacities\n    max_cap = bins_remain_cap.max()\n    normalized_cap = bins_remain_cap / max_cap if max_cap > 0 else bins_remain_cap\n\n    # Penalize bins that cannot fit the item\n    penalty_infeasibility = np.where(bins_remain_cap < item, -np.inf, 0)\n\n    # Calculate gaps\n    gaps = bins_remain_cap - item\n\n    # Penalize larger gaps quadratically, favoring nearly full bins\n    penalty_gap = np.where(gaps >= 0, -gaps**2, 0)\n\n    # Combine normalized capacity, gap penalty, and infeasibility penalty into a final score\n    priority_score = normalized_cap + penalty_gap + penalty_infeasibility\n\n    return priority_score",
    "response_id": 4,
    "obj": 4.048663741523748,
    "SLOC": 6.0,
    "cyclomatic_complexity": 1.0,
    "exec_success": true
  },
  {
    "stdout_filepath": "problem_iter14_response5.txt_stdout.txt",
    "code_path": "problem_iter14_code5.py",
    "code": "import numpy as np\nimport random\nimport math\nimport scipy\nimport torch\ndef priority_v2(item: float, bins_remain_cap: np.ndarray) -> np.ndarray:\n    \"\"\"\n    Returns priority with which we want to add item to each bin.\n\n    This implementation prioritizes bins that offer a close fit to the item, penalizes bins\n    with significantly underutilized space, and ensures that only feasible bins (those that\n    can accommodate the item) are considered.\n\n    Args:\n        item: Size of item to be added to the bin.\n        bins_remain_cap: Array of capacities for each bin.\n\n    Return:\n        Array of same size as bins_remain_cap with priority score of each bin.\n    \"\"\"\n    # Base priority: higher for bins with remaining capacity close to item size\n    base_priority = np.where(bins_remain_cap >= item, 1 - (bins_remain_cap - item) / bins_remain_cap.max(), -np.inf)\n\n    # Penalize bins that have less capacity than the item itself (ensure feasibility)\n    penalty_for_small_bins = np.where(bins_remain_cap < item, -np.inf, 0)\n\n    # Penalize underused bins to avoid creating bins that are too small and leftover bins\n    usage_discount = ((bins_remain_cap.max() - bins_remain_cap) / bins_remain_cap.max()) ** 2 * 0.01\n\n    # Combine base priority, usage discount, and penalties into a final score\n    priority_score = base_priority - usage_discount\n\n    # Ensure only feasible bins have a non-negative score\n    return np.where(bins_remain_cap < item, -np.inf, priority_score)",
    "response_id": 5,
    "obj": 4.048663741523748,
    "SLOC": 6.0,
    "cyclomatic_complexity": 1.0,
    "exec_success": true
  },
  {
    "stdout_filepath": "problem_iter14_response6.txt_stdout.txt",
    "code_path": "problem_iter14_code6.py",
    "code": "import numpy as np\nimport random\nimport math\nimport scipy\nimport torch\ndef priority_v2(item: float, bins_remain_cap: np.ndarray) -> np.ndarray:\n\n    \"\"\"Returns priority with which we want to add item to each bin.\n\n    This implementation focuses on feasible bins, applies a quadratic penalty to gaps,\n    and prioritizes bins with less remaining capacity after adding the item.\n\n    Args:\n        item: Size of item to be added to the bin.\n        bins_remain_cap: Array of remaining capacities for each bin.\n\n    Returns:\n        Array of same size as bins_remain_cap with priority score of each bin.\n    \"\"\"\n    # Penalize infeasible bins (bins with remaining capacity less than the item size)\n    infeasible_penalty = np.where(bins_remain_cap < item, -np.inf, 0)\n    \n    # Calculate the gap between the remaining capacity and the item size\n    gap = bins_remain_cap - item\n    \n    # Apply quadratic penalty to gaps to prioritize bins with smaller gaps\n    # The penalty is zero for infeasible bins as they are already penalized with -np.inf\n    quadratic_penalty = np.where(bins_remain_cap >= item, -(gap ** 2) * 0.01, 0)\n    \n    # Combine the infeasibility penalty and the quadratic gap penalty\n    priority_score = infeasible_penalty + quadratic_penalty\n    \n    return priority_score",
    "response_id": 6,
    "obj": 4.048663741523748,
    "SLOC": 6.0,
    "cyclomatic_complexity": 1.0,
    "exec_success": true
  },
  {
    "stdout_filepath": "problem_iter14_response7.txt_stdout.txt",
    "code_path": "problem_iter14_code7.py",
    "code": "import numpy as np\nimport random\nimport math\nimport scipy\nimport torch\ndef priority_v2(item: float, bins_remain_cap: np.ndarray) -> np.ndarray:\n    \"\"\"\n    Returns priority with which we want to add item to each bin.\n\n    This implementation prioritizes bins that are nearly full, applies a quadratic penalty\n    for gaps to prevent fragmentation, and strictly penalizes bins that cannot fit the item.\n\n    Args:\n        item: Size of item to be added to the bin.\n        bins_remain_cap: Array of capacities for each bin.\n\n    Returns:\n        Array of same size as bins_remain_cap with priority score of each bin.\n    \"\"\"\n    # Base priority for feasible bins: higher priority for bins with less remaining capacity\n    base_priority = -bins_remain_cap\n\n    # Penalize bins that have less capacity than the item itself (strict infeasibility)\n    penalty_infeasibility = np.where(bins_remain_cap < item, -np.inf, 0)\n\n    # Quadratic gap penalty to favor bins that reduce the gap more\n    gap_penalty = (bins_remain_cap - item) ** 2\n\n    # Combine base priority, gap penalty, and infeasibility penalty into a final score\n    priority_score = base_priority - gap_penalty + penalty_infeasibility\n\n    return priority_score",
    "response_id": 7,
    "obj": 4.048663741523748,
    "SLOC": 6.0,
    "cyclomatic_complexity": 1.0,
    "exec_success": true
  },
  {
    "stdout_filepath": "problem_iter14_response8.txt_stdout.txt",
    "code_path": "problem_iter14_code8.py",
    "code": "import numpy as np\nimport random\nimport math\nimport scipy\nimport torch\ndef priority_v2(item: float, bins_remain_cap: np.ndarray) -> np.ndarray:\n    \"\"\"\n    Returns priority with which we want to add item to each bin.\n\n    This implementation normalizes the remaining capacity, penalizes infeasibility,\n    and prioritizes bins with near full capacity by penalizing larger gaps quadratically.\n\n    Args:\n        item: Size of item to be added to the bin.\n        bins_remain_cap: Array of capacities for each bin.\n\n    Returns:\n        Array of same size as bins_remain_cap with priority score of each bin.\n    \"\"\"\n    # Normalize remaining capacities\n    max_cap = bins_remain_cap.max()\n    normalized_cap = bins_remain_cap / max_cap if max_cap > 0 else bins_remain_cap\n\n    # Penalize bins that cannot fit the item\n    penalty_infeasibility = np.where(bins_remain_cap < item, -np.inf, 0)\n\n    # Calculate gaps\n    gaps = bins_remain_cap - item\n\n    # Penalize larger gaps quadratically, favoring nearly full bins\n    penalty_gap = np.where(gaps >= 0, -gaps**2, 0)\n\n    # Combine normalized capacity, gap penalty, and infeasibility penalty into a final score\n    priority_score = normalized_cap + penalty_gap + penalty_infeasibility\n\n    return priority_score",
    "response_id": 8,
    "obj": 4.048663741523748,
    "SLOC": 6.0,
    "cyclomatic_complexity": 1.0,
    "exec_success": true
  },
  {
    "stdout_filepath": "problem_iter14_response9.txt_stdout.txt",
    "code_path": "problem_iter14_code9.py",
    "code": "import numpy as np\nimport random\nimport math\nimport scipy\nimport torch\ndef priority_v2(item: float, bins_remain_cap: np.ndarray) -> np.ndarray:\n\n    \"\"\"Returns priority with which we want to add item to each bin.\n\n    This implementation focuses on feasible bins and uses quadratic penalties for gaps\n    to prioritize nearly full bins while ensuring simplicity in logic.\n\n    Args:\n        item: Size of item to be added to the bin.\n        bins_remain_cap: Array of remaining capacities for each bin.\n\n    Returns:\n        Array of same size as bins_remain_cap with priority score of each bin.\n    \"\"\"\n    # Penalize infeasible bins (bins with less capacity than the item) with -inf\n    penalty = np.where(bins_remain_cap < item, -np.inf, 0)\n\n    # Calculate the gap between remaining capacity and item size for feasible bins\n    gap = np.maximum(bins_remain_cap - item, 0)\n\n    # Apply quadratic penalty to gaps for feasible bins to prioritize nearly full bins\n    gap_penalty = - (gap ** 2) * 0.01\n\n    # Combine penalty for infeasibility and the quadratic gap penalty\n    priority_score = penalty + gap_penalty\n\n    return priority_score",
    "response_id": 9,
    "obj": 4.048663741523748,
    "SLOC": 6.0,
    "cyclomatic_complexity": 1.0,
    "exec_success": true
  }
]