[
  {
    "stdout_filepath": "problem_iter18_response0.txt_stdout.txt",
    "code_path": "problem_iter18_code0.py",
    "code": "import numpy as np\nimport random\nimport math\nimport scipy\nimport torch\ndef priority_v2(item: float, bins_remain_cap: np.ndarray) -> np.ndarray:\n    \"\"\"Returns priority with which we want to add item to each bin.\n\n    This implementation focuses on quadratic gaps for nearly full bins and strictly penalizes infeasibility.\n\n    Args:\n        item: Size of item to be added to the bin.\n        bins_remain_cap: Array of capacities for each bin.\n\n    Returns:\n        Array of same size as bins_remain_cap with priority score of each bin.\n    \"\"\"\n    # Penalize bins that cannot fit the item\n    infeasibility_penalty = np.where(bins_remain_cap < item, -np.inf, 0)\n\n    # Calculate quadratic gap penalty for feasible bins\n    max_cap = bins_remain_cap.max()\n    if max_cap > 0:\n        normalized_cap = bins_remain_cap / max_cap\n        quadratic_gap_penalty = (1 - normalized_cap) ** 2\n    else:\n        quadratic_gap_penalty = np.zeros_like(bins_remain_cap)\n\n    # Calculate final priority score\n    priority_score = quadratic_gap_penalty + infeasibility_penalty\n\n    return priority_score",
    "response_id": 0,
    "obj": 4.048663741523748,
    "SLOC": 10.0,
    "cyclomatic_complexity": 2.0,
    "exec_success": true
  },
  {
    "stdout_filepath": "problem_iter18_response1.txt_stdout.txt",
    "code_path": "problem_iter18_code1.py",
    "code": "import numpy as np\nimport random\nimport math\nimport scipy\nimport torch\ndef priority_v2(item: float, bins_remain_cap: np.ndarray) -> np.ndarray:\n    \"\"\"\n    Returns priority with which we want to add item to each bin.\n\n    This implementation normalizes the remaining capacity, penalizes infeasibility,\n    and prioritizes bins with near full capacity by penalizing larger gaps quadratically.\n\n    Args:\n        item: Size of item to be added to the bin.\n        bins_remain_cap: Array of capacities for each bin.\n\n    Returns:\n        Array of same size as bins_remain_cap with priority score of each bin.\n    \"\"\"\n    # Normalize remaining capacities\n    max_cap = bins_remain_cap.max()\n    normalized_cap = bins_remain_cap / max_cap if max_cap > 0 else bins_remain_cap\n\n    # Penalize bins that cannot fit the item\n    penalty_infeasibility = np.where(bins_remain_cap < item, -np.inf, 0)\n\n    # Calculate gaps\n    gaps = bins_remain_cap - item\n\n    # Penalize larger gaps quadratically, favoring nearly full bins\n    penalty_gap = np.where(gaps >= 0, -gaps**2, 0)\n\n    # Combine normalized capacity, gap penalty, and infeasibility penalty into a final score\n    priority_score = normalized_cap + penalty_gap + penalty_infeasibility\n\n    return priority_score",
    "response_id": 1,
    "obj": 4.048663741523748,
    "SLOC": 10.0,
    "cyclomatic_complexity": 2.0,
    "exec_success": true
  },
  {
    "stdout_filepath": "problem_iter18_response2.txt_stdout.txt",
    "code_path": "problem_iter18_code2.py",
    "code": "import numpy as np\nimport random\nimport math\nimport scipy\nimport torch\ndef priority_v2(item: float, bins_remain_cap: np.ndarray) -> np.ndarray:\n    \"\"\"Returns priority with which we want to add item to each bin.\n\n    This implementation prioritizes bins that are nearly full, applies quadratic gap penalties\n    for feasible bins, strictly penalizes infeasibility, and reduces priority for underused bins inversely.\n\n    Args:\n        item: Size of item to be added to the bin.\n        bins_remain_cap: Array of capacities for each bin.\n\n    Return:\n        Array of same size as bins_remain_cap with priority score of each bin.\n    \"\"\"\n    # Normalize remaining capacities\n    max_cap = np.max(bins_remain_cap)\n    if max_cap == 0:\n        return np.full_like(bins_remain_cap, -np.inf)\n    normalized_cap = bins_remain_cap / max_cap\n\n    # Calculate quadratic gap penalty for feasible bins\n    gap_penalty = (max_cap - bins_remain_cap) ** 2 * 0.01\n\n    # Penalize infeasible bins (those with less capacity than the item)\n    infeasibility_penalty = np.where(bins_remain_cap < item, -np.inf, 0)\n\n    # Penalize underused bins by reducing their priority inversely with remaining capacity\n    underuse_penalty = (max_cap - bins_remain_cap) * 0.005\n\n    # Calculate final priority score\n    priority_score = normalized_cap + gap_penalty - underuse_penalty\n\n    return priority_score + infeasibility_penalty",
    "response_id": 2,
    "obj": 4.048663741523748,
    "SLOC": 10.0,
    "cyclomatic_complexity": 2.0,
    "exec_success": true
  },
  {
    "stdout_filepath": "problem_iter18_response3.txt_stdout.txt",
    "code_path": "problem_iter18_code3.py",
    "code": "import numpy as np\nimport random\nimport math\nimport scipy\nimport torch\ndef priority_v2(item: float, bins_remain_cap: np.ndarray) -> np.ndarray:\n    \"\"\"Returns priority with which we want to add item to each bin.\n\n    This implementation prioritizes bins that are nearly full, applies quadratic gap penalties\n    for feasible bins, strictly penalizes infeasibility, and reduces priority for underused bins inversely.\n\n    Args:\n        item: Size of item to be added to the bin.\n        bins_remain_cap: Array of capacities for each bin.\n\n    Return:\n        Array of same size as bins_remain_cap with priority score of each bin.\n    \"\"\"\n    # Normalize remaining capacities\n    max_cap = np.max(bins_remain_cap)\n    if max_cap == 0:\n        return np.full_like(bins_remain_cap, -np.inf)\n    normalized_cap = bins_remain_cap / max_cap\n\n    # Calculate quadratic gap penalty for feasible bins\n    gap_penalty = (max_cap - bins_remain_cap) ** 2 * 0.01\n\n    # Penalize infeasible bins (those with less capacity than the item)\n    infeasibility_penalty = np.where(bins_remain_cap < item, -np.inf, 0)\n\n    # Penalize underused bins by reducing their priority inversely with remaining capacity\n    underuse_penalty = (max_cap - bins_remain_cap) * 0.005\n\n    # Calculate final priority score\n    priority_score = normalized_cap + gap_penalty - underuse_penalty\n\n    return priority_score + infeasibility_penalty",
    "response_id": 3,
    "obj": 4.048663741523748,
    "SLOC": 10.0,
    "cyclomatic_complexity": 2.0,
    "exec_success": true
  },
  {
    "stdout_filepath": "problem_iter18_response4.txt_stdout.txt",
    "code_path": "problem_iter18_code4.py",
    "code": "import numpy as np\nimport random\nimport math\nimport scipy\nimport torch\ndef priority_v2(item: float, bins_remain_cap: np.ndarray) -> np.ndarray:\n    \"\"\"Returns priority with which we want to add item to each bin.\n\n    This implementation prioritizes bins that are nearly full, applies quadratic gap penalties\n    for feasible bins, strictly penalizes infeasibility, and reduces priority for underused bins inversely.\n\n    Args:\n        item: Size of item to be added to the bin.\n        bins_remain_cap: Array of capacities for each bin.\n\n    Return:\n        Array of same size as bins_remain_cap with priority score of each bin.\n    \"\"\"\n    # Normalize remaining capacities\n    max_cap = np.max(bins_remain_cap)\n    if max_cap == 0:\n        return np.full_like(bins_remain_cap, -np.inf)\n    normalized_cap = bins_remain_cap / max_cap\n\n    # Calculate quadratic gap penalty for feasible bins\n    gap_penalty = (max_cap - bins_remain_cap) ** 2 * 0.01\n\n    # Penalize infeasible bins (those with less capacity than the item)\n    infeasibility_penalty = np.where(bins_remain_cap < item, -np.inf, 0)\n\n    # Penalize underused bins by reducing their priority inversely with remaining capacity\n    underuse_penalty = (max_cap - bins_remain_cap) * 0.005\n\n    # Calculate final priority score\n    priority_score = normalized_cap + gap_penalty - underuse_penalty\n\n    # Apply infeasibility penalty\n    priority_score += infeasibility_penalty\n\n    return priority_score",
    "response_id": 4,
    "obj": 4.048663741523748,
    "SLOC": 10.0,
    "cyclomatic_complexity": 2.0,
    "exec_success": true
  },
  {
    "stdout_filepath": "problem_iter18_response5.txt_stdout.txt",
    "code_path": "problem_iter18_code5.py",
    "code": "import numpy as np\nimport random\nimport math\nimport scipy\nimport torch\ndef priority_v2(item: float, bins_remain_cap: np.ndarray) -> np.ndarray:\n    \"\"\"Returns priority with which we want to add item to each bin.\n\n    This implementation focuses on feasible bins and uses quadratic penalties for gaps\n    to prioritize nearly full bins while ensuring simplicity in logic.\n\n    Args:\n        item: Size of item to be added to the bin.\n        bins_remain_cap: Array of remaining capacities for each bin.\n\n    Returns:\n        Array of same size as bins_remain_cap with priority score of each bin.\n    \"\"\"\n    # Penalize infeasible bins (bins with less capacity than the item) with -inf\n    penalty = np.where(bins_remain_cap < item, -np.inf, 0)\n\n    # Calculate the gap between remaining capacity and item size for feasible bins\n    gap = bins_remain_cap - item\n\n    # Apply quadratic penalty to gaps for feasible bins to prioritize nearly full bins\n    gap_penalty = - (gap ** 2) * 0.01\n\n    # Combine penalty for infeasibility and the quadratic gap penalty\n    priority_score = penalty + gap_penalty\n\n    return priority_score",
    "response_id": 5,
    "obj": 4.048663741523748,
    "SLOC": 10.0,
    "cyclomatic_complexity": 2.0,
    "exec_success": true
  },
  {
    "stdout_filepath": "problem_iter18_response6.txt_stdout.txt",
    "code_path": "problem_iter18_code6.py",
    "code": "import numpy as np\nimport random\nimport math\nimport scipy\nimport torch\ndef priority_v2(item: float, bins_remain_cap: np.ndarray) -> np.ndarray:\n    \"\"\"\n    Returns priority with which we want to add item to each bin.\n\n    This implementation prioritizes bins that offer a close fit to the item, penalizes bins\n    with significantly underutilized space, and ensures that only feasible bins (those that\n    can accommodate the item) are considered.\n\n    Args:\n        item: Size of item to be added to the bin.\n        bins_remain_cap: Array of capacities for each bin.\n\n    Return:\n        Array of same size as bins_remain_cap with priority score of each bin.\n    \"\"\"\n    # Base priority: higher for bins with remaining capacity close to item size\n    base_priority = np.where(bins_remain_cap >= item, 1 - (bins_remain_cap - item) / bins_remain_cap.max(), -np.inf)\n\n    # Penalize underused bins to avoid creating bins that are too small and leftover bins\n    usage_discount = ((bins_remain_cap.max() - bins_remain_cap) / bins_remain_cap.max()) ** 2 * 0.01\n\n    # Combine base priority and usage discount into a final score\n    priority_score = base_priority - usage_discount\n\n    # Ensure only feasible bins have a non-negative score\n    return np.where(bins_remain_cap < item, -np.inf, priority_score)",
    "response_id": 6,
    "obj": 4.048663741523748,
    "SLOC": 10.0,
    "cyclomatic_complexity": 2.0,
    "exec_success": true
  },
  {
    "stdout_filepath": "problem_iter18_response7.txt_stdout.txt",
    "code_path": "problem_iter18_code7.py",
    "code": "import numpy as np\nimport random\nimport math\nimport scipy\nimport torch\ndef priority_v2(item: float, bins_remain_cap: np.ndarray) -> np.ndarray:\n    \"\"\"\n    Returns priority with which we want to add item to each bin.\n\n    This implementation prioritizes bins that are nearly full, applies a quadratic gap penalty\n    for gaps to prevent fragmentation, and severely penalizes bins that cannot fit the item.\n\n    Args:\n        item: Size of item to be added to the bin.\n        bins_remain_cap: Array of capacities for each bin.\n\n    Returns:\n        Array of same size as bins_remain_cap with priority score of each bin.\n    \"\"\"\n    # Base priority for feasible bins: higher priority for bins with less remaining capacity\n    base_priority = -bins_remain_cap\n\n    # Penalize bins that have less capacity than the item itself (strict infeasibility)\n    penalty_infeasibility = np.where(bins_remain_cap < item, -np.inf, 0)\n\n    # Quadratic gap penalty to favor bins that reduce the gap more\n    gap_penalty = (bins_remain_cap - item) ** 2\n\n    # Combine base priority, gap penalty, and infeasibility penalty into a final score\n    priority_score = base_priority - gap_penalty + penalty_infeasibility\n\n    return priority_score",
    "response_id": 7,
    "obj": 4.048663741523748,
    "SLOC": 10.0,
    "cyclomatic_complexity": 2.0,
    "exec_success": true
  },
  {
    "stdout_filepath": "problem_iter18_response8.txt_stdout.txt",
    "code_path": "problem_iter18_code8.py",
    "code": "import numpy as np\nimport random\nimport math\nimport scipy\nimport torch\ndef priority_v2(item: float, bins_remain_cap: np.ndarray) -> np.ndarray:\n    \"\"\"Returns priority with which we want to add item to each bin.\n\n    This implementation prioritizes bins that are nearly full, applies quadratic gap penalties\n    for feasible bins, strictly penalizes infeasibility, and reduces priority for underused bins inversely.\n\n    Args:\n        item: Size of item to be added to the bin.\n        bins_remain_cap: Array of capacities for each bin.\n\n    Return:\n        Array of same size as bins_remain_cap with priority score of each bin.\n    \"\"\"\n    # Normalize remaining capacities\n    max_cap = np.max(bins_remain_cap)\n    if max_cap == 0:\n        return np.full_like(bins_remain_cap, -np.inf)\n    normalized_cap = bins_remain_cap / max_cap\n\n    # Calculate quadratic gap penalty for feasible bins\n    gap_penalty = (max_cap - bins_remain_cap) ** 2 * 0.01\n\n    # Penalize infeasible bins (those with less capacity than the item)\n    infeasibility_penalty = np.where(bins_remain_cap < item, -np.inf, 0)\n\n    # Penalize underused bins by reducing their priority inversely with remaining capacity\n    underuse_penalty = (max_cap - bins_remain_cap) * 0.005\n\n    # Calculate final priority score\n    priority_score = normalized_cap + gap_penalty - underuse_penalty\n\n    return priority_score + infeasibility_penalty",
    "response_id": 8,
    "obj": 4.048663741523748,
    "SLOC": 10.0,
    "cyclomatic_complexity": 2.0,
    "exec_success": true
  },
  {
    "stdout_filepath": "problem_iter18_response9.txt_stdout.txt",
    "code_path": "problem_iter18_code9.py",
    "code": "import numpy as np\nimport random\nimport math\nimport scipy\nimport torch\ndef priority_v2(item: float, bins_remain_cap: np.ndarray) -> np.ndarray:\n    \"\"\"Returns priority with which we want to add item to each bin.\n\n    This implementation prioritizes bins that are nearly full, applies quadratic gap penalties\n    for feasible bins, strictly penalizes infeasibility, and reduces priority for underused bins inversely.\n\n    Args:\n        item: Size of item to be added to the bin.\n        bins_remain_cap: Array of capacities for each bin.\n\n    Returns:\n        Array of same size as bins_remain_cap with priority score of each bin.\n    \"\"\"\n    # Normalize remaining capacities\n    max_cap = np.max(bins_remain_cap)\n    if max_cap == 0:\n        return np.full_like(bins_remain_cap, -np.inf)\n    normalized_cap = bins_remain_cap / max_cap\n\n    # Calculate quadratic gap penalty for feasible bins\n    gap_penalty = (max_cap - bins_remain_cap) ** 2 * 0.01\n\n    # Penalize infeasible bins (those with less capacity than the item)\n    infeasibility_penalty = np.where(bins_remain_cap < item, -np.inf, 0)\n\n    # Penalize underused bins by reducing their priority inversely with remaining capacity\n    underuse_penalty = (max_cap - bins_remain_cap) * 0.005\n\n    # Calculate final priority score\n    priority_score = normalized_cap + gap_penalty - underuse_penalty\n\n    return priority_score + infeasibility_penalty",
    "response_id": 9,
    "obj": 4.048663741523748,
    "SLOC": 10.0,
    "cyclomatic_complexity": 2.0,
    "exec_success": true
  },
  {
    "stdout_filepath": "problem_iter19_response0.txt_stdout.txt",
    "code_path": "problem_iter19_code0.py",
    "code": "import numpy as np\n\ndef priority_v2(item: float, bins_remain_cap: np.ndarray) -> np.ndarray:\n    \"\"\"Returns priority with which we want to add item to each bin.\n\n    This implementation prioritizes bins that are nearly full with a quadratic gap penalty,\n    strongly penalizes infeasibility, and inversely reduces the priority of underused bins.\n\n    Args:\n        item: Size of item to be added to the bin.\n        bins_remain_cap: Array of capacities for each bin.\n\n    Return:\n        Array of same size as bins_remain_cap with priority score of each bin.\n    \"\"\"\n    # Quadratic decreasing priority based on remaining capacity gap\n    capacity_gap = bins_remain_cap - item\n    base_priority = np.where(capacity_gap >= 0, -capacity_gap**2, -np.inf)\n\n    # Penalize bins that have less capacity than the item itself\n    penalty = np.where(bins_remain_cap < item, -np.inf, 0)\n\n    # Inversely reduce the priority of underused bins\n    max_cap = bins_remain_cap.max()\n    usage_discount = np.where(capacity_gap >= 0, (max_cap - bins_remain_cap)**2 * 0.01, 0)\n\n    # Combine base priority and usage discount into a final score\n    priority_score = base_priority - usage_discount\n\n    return priority_score",
    "response_id": 0,
    "obj": 4.427602712405275,
    "SLOC": 6.0,
    "cyclomatic_complexity": 1.0,
    "exec_success": true
  },
  {
    "stdout_filepath": "problem_iter19_response1.txt_stdout.txt",
    "code_path": "problem_iter19_code1.py",
    "code": "import numpy as np\n\ndef priority_v2(item: float, bins_remain_cap: np.ndarray) -> np.ndarray:\n    \"\"\"Returns priority with which we want to add item to each bin.\n\n    This implementation prioritizes bins that are nearly full with a quadratic gap penalty,\n    strongly penalizes infeasibility, and inversely reduces the priority of underused bins.\n\n    Args:\n        item: Size of item to be added to the bin.\n        bins_remain_cap: Array of capacities for each bin.\n\n    Return:\n        Array of same size as bins_remain_cap with priority score of each bin.\n    \"\"\"\n    # Quadratic decreasing priority based on remaining capacity gap\n    base_priority = (bins_remain_cap.max() - bins_remain_cap + item)**2 * 0.1\n\n    # Penalize bins that have less capacity than the item itself\n    penalty = np.where(bins_remain_cap < item, -1.0, 0)  # Strong penalty for infeasibility\n\n    # Penalize underused bins to avoid creating bins too small and leftover bins\n    usage_discount = (bins_remain_cap - bins_remain_cap.max())**2 * 0.001\n\n    # Combine base priority, usage discount, and penalties into a final score\n    priority_score = base_priority + usage_discount + penalty\n\n    return np.where(bins_remain_cap < item, -np.inf, priority_score)",
    "response_id": 1,
    "obj": 4.048663741523748,
    "SLOC": 6.0,
    "cyclomatic_complexity": 1.0,
    "exec_success": true
  },
  {
    "stdout_filepath": "problem_iter19_response2.txt_stdout.txt",
    "code_path": "problem_iter19_code2.py",
    "code": "import numpy as np\n\ndef priority_v2(item: float, bins_remain_cap: np.ndarray) -> np.ndarray:\n    \"\"\"Returns priority with which we want to add item to each bin.\n\n    This implementation prioritizes bins that are nearly full with a quadratic gap penalty,\n    strongly penalizes infeasibility, and inversely reduces the priority of underused bins.\n\n    Args:\n        item: Size of item to be added to the bin.\n        bins_remain_cap: Array of capacities for each bin.\n\n    Return:\n        Array of same size as bins_remain_cap with priority score of each bin.\n    \"\"\"\n    # Quadratic gap penalty for bins that are nearly full\n    gap_penalty = (bins_remain_cap - item) ** 2 * 0.01\n\n    # Strong penalty for bins that cannot fit the item\n    infeasibility_penalty = np.where(bins_remain_cap < item, -np.inf, 0)\n\n    # Inverse priority for underused bins\n    underuse_discount = (bins_remain_cap.max() - bins_remain_cap) * 0.005\n\n    # Calculate the final priority score\n    priority_score = -gap_penalty - underuse_discount + infeasibility_penalty\n\n    return priority_score",
    "response_id": 2,
    "obj": 4.048663741523748,
    "SLOC": 6.0,
    "cyclomatic_complexity": 1.0,
    "exec_success": true
  },
  {
    "stdout_filepath": "problem_iter19_response3.txt_stdout.txt",
    "code_path": "problem_iter19_code3.py",
    "code": "import numpy as np\n\ndef priority_v2(item: float, bins_remain_cap: np.ndarray) -> np.ndarray:\n    \"\"\"Returns priority with which we want to add item to each bin.\n\n    This implementation prioritizes bins that are nearly full with a quadratic gap penalty,\n    strongly penalizes infeasibility, and inversely reduces the priority of underused bins.\n\n    Args:\n        item: Size of item to be added to the bin.\n        bins_remain_cap: Array of capacities for each bin.\n\n    Return:\n        Array of same size as bins_remain_cap with priority score of each bin.\n    \"\"\"\n    # Quadratic gap penalty for bins that are closer to being full\n    gap_penalty = (1 - bins_remain_cap / bins_remain_cap.max())**2\n\n    # Penalize bins that have less capacity than the item itself\n    infeasibility_penalty = np.where(bins_remain_cap < item, -np.inf, 0)\n\n    # Inversely reduce priority for underused bins\n    underused_bin_penalty = (bins_remain_cap.max() - bins_remain_cap)**2 * 0.01\n\n    # Combine gap penalty, infeasibility penalty, and underused bin penalty into a final score\n    priority_score = (gap_penalty - underused_bin_penalty) + infeasibility_penalty\n\n    return priority_score",
    "response_id": 3,
    "obj": 149.30195452732352,
    "SLOC": 6.0,
    "cyclomatic_complexity": 1.0,
    "exec_success": true
  },
  {
    "stdout_filepath": "problem_iter19_response4.txt_stdout.txt",
    "code_path": "problem_iter19_code4.py",
    "code": "import numpy as np\n\ndef priority_v2(item: float, bins_remain_cap: np.ndarray) -> np.ndarray:\n    \"\"\"Returns priority with which we want to add item to each bin.\n\n    This implementation prioritizes bins that are nearly full with a quadratic gap penalty,\n    strongly penalizes infeasibility, and inversely reduces the priority of underused bins.\n\n    Args:\n        item: Size of item to be added to the bin.\n        bins_remain_cap: Array of capacities for each bin.\n\n    Return:\n        Array of same size as bins_remain_cap with priority score of each bin.\n    \"\"\"\n    # Quadratic decreasing priority based on remaining capacity gap\n    base_priority = (bins_remain_cap.max() - (bins_remain_cap - item))**2\n\n    # Penalize bins that have less capacity than the item itself strongly\n    penalty = np.where(bins_remain_cap < item, -np.inf, 0)\n\n    # Reduce priority for underused bins inversely\n    usage_discount = 1 / (bins_remain_cap.max() - bins_remain_cap + 1e-6)\n\n    # Combine base priority, usage discount, and penalties into a final score\n    priority_score = base_priority - usage_discount\n\n    return priority_score * (bins_remain_cap >= item) + penalty",
    "response_id": 4,
    "obj": 4.048663741523748,
    "SLOC": 6.0,
    "cyclomatic_complexity": 1.0,
    "exec_success": true
  }
]