[
  {
    "stdout_filepath": "problem_iter6_response0.txt_stdout.txt",
    "code_path": "problem_iter6_code0.py",
    "code": "import numpy as np\nimport random\nimport math\nimport scipy\nimport torch\ndef priority_v2(item: float, bins_remain_cap: np.ndarray) -> np.ndarray:\n    \"\"\"\n    Returns priority with which we want to add item to each bin.\n\n    This implementation prioritizes bins that are nearly full, strictly penalizes\n    infeasible bins (those with less capacity than the item), and balances the\n    usage across bins to avoid creating bins that are too small and leftover bins.\n\n    Args:\n        item: Size of item to be added to the bin.\n        bins_remain_cap: Array of capacities for each bin.\n\n    Returns:\n        Array of same size as bins_remain_cap with priority score of each bin.\n    \"\"\"\n    # Penalize bins that have less capacity than the item itself\n    infeasibility_penalty = np.where(bins_remain_cap < item, -np.inf, 0)\n\n    # Priority based on remaining capacity (nearly full bins get higher priority)\n    remaining_capacity_priority = (bins_remain_cap - item) / bins_remain_cap\n\n    # Penalize underused bins to avoid creating bins too small and leftover bins\n    usage_discount = (bins_remain_cap.max() - bins_remain_cap) * 0.01\n\n    # Combine base priority, usage discount, and penalties into a final score\n    priority_score = remaining_capacity_priority - usage_discount + infeasibility_penalty\n\n    return priority_score",
    "response_id": 0,
    "obj": 149.30195452732352,
    "SLOC": 8.0,
    "cyclomatic_complexity": 3.0,
    "exec_success": true
  },
  {
    "stdout_filepath": "problem_iter6_response1.txt_stdout.txt",
    "code_path": "problem_iter6_code1.py",
    "code": "import numpy as np\nimport random\nimport math\nimport scipy\nimport torch\ndef priority_v2(item: float, bins_remain_cap: np.ndarray) -> np.ndarray:\n\n    \"\"\"Returns priority with which we want to add item to each bin.\n\n    This implementation considers both the remaining capacity and the number of\n    bins used using a weighted score. It strongly penalizes infeasible bins and\n    aims to balance usage to avoid leftover bins.\n\n    Args:\n        item: Size of item to be added to the bin.\n        bins_remain_cap: Array of capacities for each bin.\n\n    Return:\n        Array of same size as bins_remain_cap with priority score of each bin.\n    \"\"\"\n    # Penalize bins that have less capacity than the item itself\n    infeasibility_penalty = np.where(bins_remain_cap < item, -np.inf, 0)\n\n    # Base priority: Favor bins that are near full, but not less than item size\n    base_priority = np.where(bins_remain_cap >= item, bins_remain_cap - item, -np.inf)\n\n    # Penalize underused bins to avoid creating bins too small and leftover bins\n    usage_discount = (bins_remain_cap.max() - bins_remain_cap) * 0.01\n\n    # Combine base priority, usage discount, and penalties into a final score\n    priority_score = base_priority - usage_discount\n\n    # Ensure infeasible bins have the lowest priority\n    return np.where(bins_remain_cap < item, -np.inf, priority_score)",
    "response_id": 1,
    "obj": 149.30195452732352,
    "SLOC": 8.0,
    "cyclomatic_complexity": 3.0,
    "exec_success": true
  },
  {
    "stdout_filepath": "problem_iter6_response2.txt_stdout.txt",
    "code_path": "problem_iter6_code2.py",
    "code": "import numpy as np\nimport random\nimport math\nimport scipy\nimport torch\ndef priority_v2(item: float, bins_remain_cap: np.ndarray) -> np.ndarray:\n\n    \"\"\"Returns priority with which we want to add item to each bin.\n\n    This implementation considers both the remaining capacity and the number of\n    bins used using a weighted score. It strongly penalizes infeasible bins and\n    aims to balance usage to avoid leftover bins.\n\n    Args:\n        item: Size of item to be added to the bin.\n        bins_remain_cap: Array of capacities for each bin.\n\n    Return:\n        Array of same size as bins_remain_cap with priority score of each bin.\n    \"\"\"\n    # Penalize bins that have less capacity than the item itself\n    infeasibility_penalty = np.where(bins_remain_cap < item, -np.inf, 0)\n\n    # Base priority: Favor bins that are near full, but not less than item size\n    base_priority = np.where(bins_remain_cap >= item, bins_remain_cap - item, -np.inf)\n\n    # Penalize underused bins to avoid creating bins too small and leftover bins\n    usage_discount = (bins_remain_cap.max() - bins_remain_cap) * 0.01\n\n    # Combine base priority, usage discount, and penalties into a final score\n    priority_score = base_priority - usage_discount\n\n    # Ensure infeasible bins have the lowest priority\n    return np.where(bins_remain_cap < item, -np.inf, priority_score)",
    "response_id": 2,
    "obj": 149.30195452732352,
    "SLOC": 8.0,
    "cyclomatic_complexity": 3.0,
    "exec_success": true
  },
  {
    "stdout_filepath": "problem_iter6_response3.txt_stdout.txt",
    "code_path": "problem_iter6_code3.py",
    "code": "import numpy as np\nimport random\nimport math\nimport scipy\nimport torch\ndef priority_v2(item: float, bins_remain_cap: np.ndarray) -> np.ndarray:\n    \"\"\"Returns priority with which we want to add item to each bin.\n\n    This implementation considers the remaining capacity, normalizes capacities,\n    prioritizes bins that are near full, and penalizes infeasibility.\n\n    Args:\n        item: Size of item to be added to the bin.\n        bins_remain_cap: Array of capacities for each bin.\n\n    Returns:\n        Array of same size as bins_remain_cap with priority score of each bin.\n    \"\"\"\n    # Normalize remaining capacities\n    normalized_cap = bins_remain_cap / bins_remain_cap.max()\n\n    # Penalize bins that have less capacity than the item itself\n    penalty_infeasibility = np.where(bins_remain_cap < item, -np.inf, 0)\n\n    # Calculate feasible gaps and find the second smallest gap\n    feasible_gaps = bins_remain_cap - item\n    feasible_gaps = feasible_gaps[feasible_gaps >= 0]\n    if len(feasible_gaps) > 1:\n        second_smallest_gap = np.partition(feasible_gaps, 1)[1]\n    else:\n        second_smallest_gap = feasible_gaps[0] if len(feasible_gaps) > 0 else np.inf\n\n    # Favor bins with gaps close to the second smallest gap\n    gap_penalty = np.where(feasible_gaps >= 0, (bins_remain_cap - item - second_smallest_gap) ** 2 * -0.01, 0)\n\n    # Combine normalized capacity, gap penalty, and infeasibility penalty into a final score\n    priority_score = normalized_cap + gap_penalty + penalty_infeasibility\n\n    return priority_score",
    "response_id": 3,
    "obj": 5.963302752293574,
    "SLOC": 8.0,
    "cyclomatic_complexity": 3.0,
    "exec_success": true
  },
  {
    "stdout_filepath": "problem_iter6_response4.txt_stdout.txt",
    "code_path": "problem_iter6_code4.py",
    "code": "import numpy as np\nimport random\nimport math\nimport scipy\nimport torch\ndef priority_v2(item: float, bins_remain_cap: np.ndarray) -> np.ndarray:\n\n    \"\"\"Returns priority with which we want to add item to each bin.\n\n    This implementation normalizes the remaining capacity, penalizes infeasibility,\n    and prioritizes bins with near full capacity by penalizing larger gaps.\n\n    Args:\n        item: Size of item to be added to the bin.\n        bins_remain_cap: Array of capacities for each bin.\n\n    Returns:\n        Array of same size as bins_remain_cap with priority score of each bin.\n    \"\"\"\n    # Normalize remaining capacities\n    normalized_cap = bins_remain_cap / bins_remain_cap.max()\n\n    # Penalize bins that have less capacity than the item itself\n    penalty_infeasibility = np.where(bins_remain_cap < item, -np.inf, 0)\n\n    # Calculate gaps\n    gaps = bins_remain_cap - item\n\n    # Penalize larger gaps, favoring nearly full bins\n    penalty_gap = np.where(gaps >= 0, -gaps**2 * 0.01, 0)\n\n    # Combine normalized capacity, gap penalty, and infeasibility penalty into a final score\n    priority_score = normalized_cap + penalty_gap + penalty_infeasibility\n\n    return priority_score",
    "response_id": 4,
    "obj": 4.048663741523748,
    "SLOC": 8.0,
    "cyclomatic_complexity": 3.0,
    "exec_success": true
  },
  {
    "stdout_filepath": "problem_iter6_response5.txt_stdout.txt",
    "code_path": "problem_iter6_code5.py",
    "code": "import numpy as np\nimport random\nimport math\nimport scipy\nimport torch\ndef priority_v2(item: float, bins_remain_cap: np.ndarray) -> np.ndarray:\n    \"\"\"Returns priority with which we want to add item to each bin.\n\n    This implementation considers the remaining capacity, normalizes capacities,\n    prioritizes bins that are near full, and penalizes infeasibility.\n\n    Args:\n        item: Size of item to be added to the bin.\n        bins_remain_cap: Array of capacities for each bin.\n\n    Returns:\n        Array of same size as bins_remain_cap with priority score of each bin.\n    \"\"\"\n    # Normalize remaining capacities\n    normalized_cap = bins_remain_cap / bins_remain_cap.max()\n\n    # Penalize bins that have less capacity than the item itself\n    penalty_infeasibility = np.where(bins_remain_cap < item, -np.inf, 0)\n\n    # Calculate feasible gaps and find the second smallest gap\n    feasible_gaps = bins_remain_cap - item\n    feasible_gaps = feasible_gaps[feasible_gaps >= 0]\n    if len(feasible_gaps) > 1:\n        second_smallest_gap = np.partition(feasible_gaps, 1)[1]\n    else:\n        second_smallest_gap = feasible_gaps[0] if len(feasible_gaps) > 0 else np.inf\n\n    # Favor bins with gaps close to the second smallest gap\n    gap_penalty = np.where(feasible_gaps >= 0, (bins_remain_cap - item - second_smallest_gap) ** 2, 0) * -0.01\n\n    # Combine normalized capacity, gap penalty, and infeasibility penalty into a final score\n    priority_score = normalized_cap + gap_penalty + penalty_infeasibility\n\n    return priority_score",
    "response_id": 5,
    "obj": 5.963302752293574,
    "SLOC": 8.0,
    "cyclomatic_complexity": 3.0,
    "exec_success": true
  },
  {
    "stdout_filepath": "problem_iter6_response6.txt_stdout.txt",
    "code_path": "problem_iter6_code6.py",
    "code": "import numpy as np\nimport random\nimport math\nimport scipy\nimport torch\ndef priority_v2(item: float, bins_remain_cap: np.ndarray) -> np.ndarray:\n\n    \"\"\"Returns priority with which we want to add item to each bin.\n\n    This implementation normalizes the remaining capacity, penalizes infeasibility,\n    and prioritizes bins with near full capacity by penalizing larger gaps.\n\n    Args:\n        item: Size of item to be added to the bin.\n        bins_remain_cap: Array of capacities for each bin.\n\n    Returns:\n        Array of same size as bins_remain_cap with priority score of each bin.\n    \"\"\"\n    # Normalize remaining capacities\n    normalized_cap = bins_remain_cap / bins_remain_cap.max()\n\n    # Penalize bins that have less capacity than the item itself\n    penalty_infeasibility = np.where(bins_remain_cap < item, -np.inf, 0)\n\n    # Calculate gaps\n    gaps = bins_remain_cap - item\n\n    # Penalize larger gaps, favoring nearly full bins\n    penalty_gap = np.where(gaps >= 0, -0.01 * gaps**2, 0)\n\n    # Combine normalized capacity, gap penalty, and infeasibility penalty into a final score\n    priority_score = normalized_cap + penalty_gap + penalty_infeasibility\n\n    return priority_score",
    "response_id": 6,
    "obj": 4.048663741523748,
    "SLOC": 8.0,
    "cyclomatic_complexity": 3.0,
    "exec_success": true
  },
  {
    "stdout_filepath": "problem_iter6_response7.txt_stdout.txt",
    "code_path": "problem_iter6_code7.py",
    "code": "import numpy as np\nimport random\nimport math\nimport scipy\nimport torch\ndef priority_v2(item: float, bins_remain_cap: np.ndarray) -> np.ndarray:\n\n    \"\"\"Returns priority with which we want to add item to each bin.\n\n    This implementation considers the remaining capacity, normalizes capacities,\n    prioritizes bins that are near full, and penalizes infeasibility using\n    squared penalties for gaps, thus favoring nearly full bins.\n\n    Args:\n        item: Size of item to be added to the bin.\n        bins_remain_cap: Array of capacities for each bin.\n\n    Return:\n        Array of same size as bins_remain_cap with priority score of each bin.\n    \"\"\"\n    # Normalize remaining capacities\n    normalized_cap = bins_remain_cap / bins_remain_cap.max()\n\n    # Penalize bins that have less capacity than the item itself (infeasible)\n    penalty_infeasibility = np.where(bins_remain_cap < item, -np.inf, 0)\n\n    # Calculate gaps and apply squared penalty, favoring nearly full bins\n    gaps = bins_remain_cap - item\n    penalty_gap = np.where(gaps >= 0, -0.01 * (gaps ** 2), 0)\n\n    # Combine normalized capacity, gap penalty, and infeasibility penalty into a final score\n    priority_score = normalized_cap + penalty_gap + penalty_infeasibility\n\n    return priority_score",
    "response_id": 7,
    "obj": 4.048663741523748,
    "SLOC": 8.0,
    "cyclomatic_complexity": 3.0,
    "exec_success": true
  },
  {
    "stdout_filepath": "problem_iter6_response8.txt_stdout.txt",
    "code_path": "problem_iter6_code8.py",
    "code": "import numpy as np\nimport random\nimport math\nimport scipy\nimport torch\ndef priority_v2(item: float, bins_remain_cap: np.ndarray) -> np.ndarray:\n    \"\"\"\n    Returns priority with which we want to add item to each bin.\n\n    This implementation considers the remaining capacity, normalizes capacities,\n    strictly penalizes infeasibility, favors smaller gaps directly.\n\n    Args:\n        item: Size of item to be added to the bin.\n        bins_remain_cap: Array of capacities for each bin.\n\n    Return:\n        Array of same size as bins_remain_cap with priority score of each bin.\n    \"\"\"\n    # Normalize remaining capacities\n    max_cap = bins_remain_cap.max()\n    normalized_cap = bins_remain_cap / max_cap if max_cap > 0 else bins_remain_cap\n\n    # Penalty for infeasibility: -np.inf for bins that cannot fit the item\n    penalty_infeasibility = np.where(bins_remain_cap < item, -np.inf, 0)\n\n    # Favor smaller gaps directly by penalizing larger gaps\n    gaps = np.where(bins_remain_cap >= item, bins_remain_cap - item, np.inf)\n    gap_penalty = -gaps / max_cap if max_cap > 0 else -gaps\n\n    # Combine normalized capacity, penalty for infeasibility, and gap penalty\n    priority_score = normalized_cap + penalty_infeasibility + gap_penalty\n\n    return priority_score",
    "response_id": 8,
    "obj": 6.471878739529327,
    "SLOC": 8.0,
    "cyclomatic_complexity": 3.0,
    "exec_success": true
  },
  {
    "stdout_filepath": "problem_iter6_response9.txt_stdout.txt",
    "code_path": "problem_iter6_code9.py",
    "code": "import numpy as np\nimport random\nimport math\nimport scipy\nimport torch\ndef priority_v2(item: float, bins_remain_cap: np.ndarray) -> np.ndarray:\n    \"\"\"\n    Returns priority with which we want to add item to each bin.\n\n    This implementation considers the remaining capacity, normalizes capacities,\n    strictly penalizes infeasibility, favors smaller gaps directly.\n\n    Args:\n        item: Size of item to be added to the bin.\n        bins_remain_cap: Array of capacities for each bin.\n\n    Return:\n        Array of same size as bins_remain_cap with priority score of each bin.\n    \"\"\"\n    # Normalize remaining capacities\n    max_cap = bins_remain_cap.max()\n    normalized_cap = bins_remain_cap / max_cap if max_cap > 0 else bins_remain_cap\n\n    # Penalty for infeasibility: strictly penalize bins that cannot fit the item\n    penalty_infeasibility = np.where(bins_remain_cap >= item, 0, -np.inf)\n\n    # Calculate gaps if the item is added to each bin\n    gaps = bins_remain_cap - item\n\n    # Favor smaller gaps: penalize larger gaps\n    # Smaller gaps get higher priority (less penalty)\n    gap_penalty = gaps / max_cap if max_cap > 0 else gaps\n\n    # Combine normalized capacity, penalty for infeasibility, and gap penalty\n    priority_score = normalized_cap + penalty_infeasibility - gap_penalty\n\n    return priority_score",
    "response_id": 9,
    "obj": 6.471878739529327,
    "SLOC": 8.0,
    "cyclomatic_complexity": 3.0,
    "exec_success": true
  }
]