[
  {
    "stdout_filepath": "problem_iter0_stdout0.txt",
    "code_path": "problem_iter0_code0.py",
    "code": "import numpy as np\nimport random\nimport math\nimport scipy\nimport torch\ndef priority_v2(item: float, bins_remain_cap: np.ndarray) -> np.ndarray:\n    \"\"\"Returns priority with which we want to add item to each bin.\n\n    Args:\n        item: Size of item to be added to the bin.\n        bins_remain_cap: Array of capacities for each bin.\n\n    Return:\n        Array of same size as bins_remain_cap with priority score of each bin.\n    \"\"\"\n    priorities = np.zeros_like(bins_remain_cap)\n    return priorities",
    "response_id": 0,
    "obj": 4.487435181491823,
    "SLOC": 3.0,
    "cyclomatic_complexity": 1.0,
    "halstead": 0.0,
    "exec_success": true
  },
  {
    "stdout_filepath": "problem_iter1_response10.txt_stdout.txt",
    "code_path": "problem_iter1_code10.py",
    "code": "import numpy as np\n\ndef priority_v1(item: float, bins_remain_cap: np.ndarray) -> np.ndarray:\n    priorities = np.zeros_like(bins_remain_cap)\n    return priorities\n\ndef priority_v2(item: float, bins_remain_cap: np.ndarray) -> np.ndarray:\n    priorities = np.zeros_like(bins_remain_cap)\n    valid_bins = bins_remain_cap >= item\n    if np.any(valid_bins):\n        priorities[valid_bins] = bins_remain_cap[valid_bins] - item\n        priorities[valid_bins] = 1.0 / (priorities[valid_bins] + 1e-6)\n    return priorities",
    "response_id": 10,
    "tryHS": false,
    "obj": 4.198244914240141,
    "SLOC": 7.0,
    "cyclomatic_complexity": 2.0,
    "halstead": 41.51317942364757,
    "exec_success": true
  },
  {
    "stdout_filepath": "problem_iter1_response2.txt_stdout.txt",
    "code_path": "problem_iter1_code2.py",
    "code": "import numpy as np\n\ndef priority_v1(item: float, bins_remain_cap: np.ndarray) -> np.ndarray:\n    priorities = np.zeros_like(bins_remain_cap)\n    return priorities\n\ndef priority_v2(item: float, bins_remain_cap: np.ndarray) -> np.ndarray:\n    priorities = np.zeros_like(bins_remain_cap)\n    valid_bins = bins_remain_cap >= item\n    if np.any(valid_bins):\n        worst_fit_capacities = bins_remain_cap[valid_bins]\n        max_waste = np.max(worst_fit_capacities - item)\n        worst_bin_index = np.where(bins_remain_cap >= item)[0]\n        for i in worst_bin_index:\n            if bins_remain_cap[i] - item == max_waste:\n                priorities[i] = 1\n    return priorities",
    "response_id": 2,
    "tryHS": false,
    "obj": 149.30195452732352,
    "SLOC": 11.0,
    "cyclomatic_complexity": 4.0,
    "halstead": 47.548875021634686,
    "exec_success": true
  },
  {
    "stdout_filepath": "problem_iter1_response3.txt_stdout.txt",
    "code_path": "problem_iter1_code3.py",
    "code": "import numpy as np\n\ndef priority_v1(item: float, bins_remain_cap: np.ndarray) -> np.ndarray:\n    priorities = np.zeros_like(bins_remain_cap)\n    return priorities\n\ndef priority_v2(item: float, bins_remain_cap: np.ndarray) -> np.ndarray:\n    priorities = np.zeros_like(bins_remain_cap)\n    valid_bins = bins_remain_cap >= item\n    if not np.any(valid_bins):\n        return priorities\n    \n    waste = bins_remain_cap[valid_bins] - item\n    \n    priorities[valid_bins] = waste / (item + waste)\n    \n    \n    return priorities",
    "response_id": 3,
    "tryHS": false,
    "obj": 4.487435181491823,
    "SLOC": 8.0,
    "cyclomatic_complexity": 2.0,
    "halstead": 48.43204266092217,
    "exec_success": true
  },
  {
    "stdout_filepath": "problem_iter1_response4.txt_stdout.txt",
    "code_path": "problem_iter1_code4.py",
    "code": "import numpy as np\n\ndef priority_v1(item: float, bins_remain_cap: np.ndarray) -> np.ndarray:\n    priorities = np.zeros_like(bins_remain_cap)\n    return priorities\n\ndef priority_v2(item: float, bins_remain_cap: np.ndarray) -> np.ndarray:\n    priorities = np.zeros_like(bins_remain_cap)\n    feasible_bins = bins_remain_cap >= item\n    if np.any(feasible_bins):\n        min_waste = np.min(bins_remain_cap[feasible_bins] - item)\n        priorities[feasible_bins] = 1.0 / (bins_remain_cap[feasible_bins] - item + min_waste + 1e-6)\n    return priorities",
    "response_id": 4,
    "tryHS": false,
    "obj": 4.198244914240141,
    "SLOC": 7.0,
    "cyclomatic_complexity": 2.0,
    "halstead": 68.53238859703687,
    "exec_success": true
  },
  {
    "stdout_filepath": "problem_iter1_response5.txt_stdout.txt",
    "code_path": "problem_iter1_code5.py",
    "code": "import numpy as np\n\ndef priority_v1(item: float, bins_remain_cap: np.ndarray) -> np.ndarray:\n    priorities = np.zeros_like(bins_remain_cap)\n    return priorities\n\ndef priority_v2(item: float, bins_remain_cap: np.ndarray) -> np.ndarray:\n    priorities = np.zeros_like(bins_remain_cap)\n    valid_bins = bins_remain_cap >= item\n    if np.any(valid_bins):\n        remaining_capacities = bins_remain_cap[valid_bins]\n        distances = remaining_capacities - item\n        priorities[valid_bins] = 1.0 / (distances + 1e-6)\n    return priorities",
    "response_id": 5,
    "tryHS": false,
    "obj": 4.198244914240141,
    "SLOC": 8.0,
    "cyclomatic_complexity": 2.0,
    "halstead": 41.51317942364757,
    "exec_success": true
  },
  {
    "stdout_filepath": "problem_iter1_response7.txt_stdout.txt",
    "code_path": "problem_iter1_code7.py",
    "code": "import numpy as np\n\ndef priority_v1(item: float, bins_remain_cap: np.ndarray) -> np.ndarray:\n    priorities = np.zeros_like(bins_remain_cap)\n    return priorities\n\ndef priority_v2(item: float, bins_remain_cap: np.ndarray) -> np.ndarray:\n    priorities = np.zeros_like(bins_remain_cap)\n    possible_bins = bins_remain_cap >= item\n    if np.sum(possible_bins) == 0:\n        return priorities\n    \n    remaining_capacities = bins_remain_cap[possible_bins]\n    \n    priorities[possible_bins] = (remaining_capacities - item) / item\n    \n    return priorities",
    "response_id": 7,
    "tryHS": false,
    "obj": 35.41084962106105,
    "SLOC": 8.0,
    "cyclomatic_complexity": 2.0,
    "halstead": 39.863137138648355,
    "exec_success": true
  },
  {
    "stdout_filepath": "problem_iter1_response9.txt_stdout.txt",
    "code_path": "problem_iter1_code9.py",
    "code": "import numpy as np\n\ndef priority_v1(item: float, bins_remain_cap: np.ndarray) -> np.ndarray:\n    \"\"\"Returns priority with which we want to add item to each bin.\n    Args:\n        item: Size of item to be added to the bin.\n        bins_remain_cap: Array of capacities for each bin.\n    Return:\n        Array of same size as bins_remain_cap with priority score of each bin.\n    \"\"\"\n    priorities = np.zeros_like(bins_remain_cap)\n    return priorities\n\ndef priority_v2(item: float, bins_remain_cap: np.ndarray) -> np.ndarray:\n    \"\"\"Returns priority with which we want to add item to each bin.\n    Args:\n        item: Size of item to be added to the bin.\n        bins_remain_cap: Array of capacities for each bin.\n    Return:\n        Array of same size as bins_remain_cap with priority score of each bin.\n    \"\"\"\n    possible_bins = bins_remain_cap >= item\n    if not np.any(possible_bins):\n        return np.zeros_like(bins_remain_cap)\n\n    bin_fits = bins_remain_cap[possible_bins] - item\n    exp_fits = np.exp(bin_fits / (item + 1e-6))\n    sum_exp_fits = np.sum(exp_fits)\n    priorities = np.zeros_like(bins_remain_cap)\n    priorities[possible_bins] = exp_fits / sum_exp_fits\n    return priorities",
    "response_id": 9,
    "tryHS": false,
    "obj": 4.487435181491823,
    "SLOC": 10.0,
    "cyclomatic_complexity": 2.0,
    "halstead": 64.72503367497926,
    "exec_success": true
  },
  {
    "stdout_filepath": "problem_iter1_response13.txt_stdout.txt",
    "code_path": "problem_iter1_code13.py",
    "code": "import numpy as np\n\ndef priority_v1(item: float, bins_remain_cap: np.ndarray) -> np.ndarray:\n    \"\"\"Returns priority with which we want to add item to each bin.\n    Args:\n        item: Size of item to be added to the bin.\n        bins_remain_cap: Array of capacities for each bin.\n    Return:\n        Array of same size as bins_remain_cap with priority score of each bin.\n    \"\"\"\n    priorities = np.zeros_like(bins_remain_cap)\n    return priorities\n\ndef priority_v2(item: float, bins_remain_cap: np.ndarray) -> np.ndarray:\n    \"\"\"Returns priority with which we want to add item to each bin.\n    Args:\n        item: Size of item to be added to the bin.\n        bins_remain_cap: Array of capacities for each bin.\n    Return:\n        Array of same size as bins_remain_cap with priority score of each bin.\n    \"\"\"\n    priorities = np.zeros_like(bins_remain_cap)\n    valid_bins = bins_remain_cap >= item\n    if np.sum(valid_bins) == 0:\n        return priorities\n    \n    priorities[valid_bins] = (bins_remain_cap[valid_bins] - item) / bins_remain_cap[valid_bins]\n    \n    return priorities",
    "response_id": 13,
    "tryHS": false,
    "obj": 4.487435181491823,
    "SLOC": 7.0,
    "cyclomatic_complexity": 2.0,
    "halstead": 41.51317942364757,
    "exec_success": true
  },
  {
    "stdout_filepath": "problem_iter1_response26.txt_stdout.txt",
    "code_path": "problem_iter1_code26.py",
    "code": "import numpy as np\n\ndef priority_v1(item: float, bins_remain_cap: np.ndarray) -> np.ndarray:\n    priorities = np.zeros_like(bins_remain_cap)\n    return priorities\n\ndef priority_v2(item: float, bins_remain_cap: np.ndarray) -> np.ndarray:\n    bin_count = len(bins_remain_cap)\n    priorities = np.zeros(bin_count)\n    for i in range(bin_count):\n        if bins_remain_cap[i] >= item:\n            priorities[i] = 1.0 / (bins_remain_cap[i] - item + 0.0001)\n        else:\n            priorities[i] = 0.0\n    return priorities",
    "response_id": 26,
    "tryHS": false,
    "obj": 4.048663741523748,
    "SLOC": 9.0,
    "cyclomatic_complexity": 3.0,
    "halstead": 41.51317942364757,
    "exec_success": true
  },
  {
    "stdout_filepath": "problem_iter1_response16.txt_stdout.txt",
    "code_path": "problem_iter1_code16.py",
    "code": "import numpy as np\n\ndef priority_v1(item: float, bins_remain_cap: np.ndarray) -> np.ndarray:\n    priorities = np.zeros_like(bins_remain_cap)\n    return priorities\n\ndef priority_v2(item: float, bins_remain_cap: np.ndarray) -> np.ndarray:\n    n_bins = len(bins_remain_cap)\n    priorities = np.zeros(n_bins)\n    for i in range(n_bins):\n        if bins_remain_cap[i] >= item:\n            priorities[i] = 1 / (1 + np.exp(-5 * (bins_remain_cap[i] - item)))\n        else:\n            priorities[i] = 0\n    return priorities",
    "response_id": 16,
    "tryHS": false,
    "obj": 13.40247307538892,
    "SLOC": 9.0,
    "cyclomatic_complexity": 3.0,
    "halstead": 66.41714012534482,
    "exec_success": true
  },
  {
    "stdout_filepath": "problem_iter1_response19.txt_stdout.txt",
    "code_path": "problem_iter1_code19.py",
    "code": "import numpy as np\n\ndef priority_v1(item: float, bins_remain_cap: np.ndarray) -> np.ndarray:\n    priorities = np.zeros_like(bins_remain_cap)\n    return priorities\n\ndef priority_v2(item: float, bins_remain_cap: np.ndarray) -> np.ndarray:\n    temp = bins_remain_cap - item\n    priorities = np.where(temp >= 0, np.exp(temp / (item + 1e-6)), 0)\n    priorities = priorities / np.sum(priorities)\n    return priorities",
    "response_id": 19,
    "tryHS": false,
    "obj": 149.30195452732352,
    "SLOC": 5.0,
    "cyclomatic_complexity": 1.0,
    "halstead": 53.77443751081735,
    "exec_success": true
  },
  {
    "stdout_filepath": "problem_iter1_response20.txt_stdout.txt",
    "code_path": "problem_iter1_code20.py",
    "code": "import numpy as np\n\ndef priority_v1(item: float, bins_remain_cap: np.ndarray) -> np.ndarray:\n    priorities = np.zeros_like(bins_remain_cap)\n    return priorities\n\ndef priority_v2(item: float, bins_remain_cap: np.ndarray) -> np.ndarray:\n    priorities = np.zeros_like(bins_remain_cap)\n    valid_bins = bins_remain_cap >= item\n    if np.any(valid_bins):\n        priorities[valid_bins] = bins_remain_cap[valid_bins] - item\n        priorities[~valid_bins] = -1\n    else:\n        priorities[:] = -1\n    return priorities",
    "response_id": 20,
    "tryHS": false,
    "obj": 149.30195452732352,
    "SLOC": 9.0,
    "cyclomatic_complexity": 2.0,
    "halstead": 38.03910001730775,
    "exec_success": true
  },
  {
    "stdout_filepath": "problem_iter1_response22.txt_stdout.txt",
    "code_path": "problem_iter1_code22.py",
    "code": "import numpy as np\n\ndef priority_v1(item: float, bins_remain_cap: np.ndarray) -> np.ndarray:\n    \"\"\"Returns priority with which we want to add item to each bin.\n    Args:\n        item: Size of item to be added to the bin.\n        bins_remain_cap: Array of capacities for each bin.\n    Return:\n        Array of same size as bins_remain_cap with priority score of each bin.\n    \"\"\"\n    priorities = np.zeros_like(bins_remain_cap)\n    return priorities\n\ndef priority_v2(item: float, bins_remain_cap: np.ndarray) -> np.ndarray:\n    priorities = np.zeros_like(bins_remain_cap)\n    valid_bins = bins_remain_cap >= item\n    if np.sum(valid_bins) == 0:\n        return priorities\n    worst_fit_capacities = bins_remain_cap[valid_bins]\n    priorities[valid_bins] = worst_fit_capacities\n    return priorities",
    "response_id": 22,
    "tryHS": false,
    "obj": 149.30195452732352,
    "SLOC": 8.0,
    "cyclomatic_complexity": 2.0,
    "halstead": 15.509775004326936,
    "exec_success": true
  },
  {
    "stdout_filepath": "problem_iter1_response23.txt_stdout.txt",
    "code_path": "problem_iter1_code23.py",
    "code": "import numpy as np\n\ndef priority_v1(item: float, bins_remain_cap: np.ndarray) -> np.ndarray:\n    priorities = np.zeros_like(bins_remain_cap)\n    return priorities\n\ndef priority_v2(item: float, bins_remain_cap: np.ndarray) -> np.ndarray:\n    priorities = np.zeros_like(bins_remain_cap)\n    valid_bins = bins_remain_cap >= item\n    if np.sum(valid_bins) == 0:\n        return priorities\n    \n    remaining_capacities = bins_remain_cap[valid_bins]\n    \n    waste = remaining_capacities - item\n    \n    priorities[valid_bins] = 1.0 / (waste + 1e-6)\n    \n    return priorities",
    "response_id": 23,
    "tryHS": false,
    "obj": 4.198244914240141,
    "SLOC": 9.0,
    "cyclomatic_complexity": 2.0,
    "halstead": 57.110323830864054,
    "exec_success": true
  },
  {
    "stdout_filepath": "problem_iter1_response24.txt_stdout.txt",
    "code_path": "problem_iter1_code24.py",
    "code": "import numpy as np\n\ndef priority_v1(item: float, bins_remain_cap: np.ndarray) -> np.ndarray:\n    \"\"\"Returns priority with which we want to add item to each bin.\n    Args:\n        item: Size of item to be added to the bin.\n        bins_remain_cap: Array of capacities for each bin.\n    Return:\n        Array of same size as bins_remain_cap with priority score of each bin.\n    \"\"\"\n    priorities = np.zeros_like(bins_remain_cap)\n    return priorities\n\ndef priority_v2(item: float, bins_remain_cap: np.ndarray) -> np.ndarray:\n    \"\"\"Returns priority with which we want to add item to each bin.\n    Args:\n        item: Size of item to be added to the bin.\n        bins_remain_cap: Array of capacities for each bin.\n    Return:\n        Array of same size as bins_remain_cap with priority score of each bin.\n    \"\"\"\n    priorities = np.zeros_like(bins_remain_cap)\n    possible_bins = bins_remain_cap >= item\n    if np.sum(possible_bins) > 0:\n        priorities[possible_bins] = 1.0 / (bins_remain_cap[possible_bins] - item)\n    return priorities",
    "response_id": 24,
    "tryHS": false,
    "obj": 5.275229357798175,
    "SLOC": 6.0,
    "cyclomatic_complexity": 2.0,
    "halstead": 41.51317942364757,
    "exec_success": true
  },
  {
    "stdout_filepath": "problem_iter1_response29.txt_stdout.txt",
    "code_path": "problem_iter1_code29.py",
    "code": "import numpy as np\n\ndef priority_v1(item: float, bins_remain_cap: np.ndarray) -> np.ndarray:\n    priorities = np.zeros_like(bins_remain_cap)\n    return priorities\n\ndef priority_v2(item: float, bins_remain_cap: np.ndarray) -> np.ndarray:\n    possible_bins = bins_remain_cap >= item\n    if not np.any(possible_bins):\n        return np.zeros_like(bins_remain_cap)\n    \n    fit_scores = bins_remain_cap[possible_bins] - item\n    \n    temperature = 1.0\n    \n    exp_scores = np.exp(fit_scores / temperature)\n    \n    probabilities = exp_scores / np.sum(exp_scores)\n    \n    priorities = np.zeros_like(bins_remain_cap)\n    priorities[possible_bins] = probabilities\n    \n    return priorities",
    "response_id": 29,
    "tryHS": false,
    "obj": 4.487435181491823,
    "SLOC": 11.0,
    "cyclomatic_complexity": 2.0,
    "halstead": 50.18947501009619,
    "exec_success": true
  }
]