[
  {
    "stdout_filepath": "problem_iter0_stdout0.txt",
    "code_path": "problem_iter0_code0.py",
    "code": "import numpy as np\nimport random\nimport math\nimport scipy\nimport torch\ndef priority_v2(item: float, bins_remain_cap: np.ndarray) -> np.ndarray:\n    \"\"\"Returns priority with which we want to add item to each bin.\n\n    Args:\n        item: Size of item to be added to the bin.\n        bins_remain_cap: Array of capacities for each bin.\n\n    Return:\n        Array of same size as bins_remain_cap with priority score of each bin.\n    \"\"\"\n    ratios = item / bins_remain_cap\n    log_ratios = np.log(ratios)\n    priorities = -log_ratios\n    return priorities",
    "response_id": 0,
    "obj": 149.30195452732352,
    "SLOC": 5.0,
    "cyclomatic_complexity": 1.0,
    "halstead": 11.60964047443681,
    "mi": 94.04446327225541,
    "token_count": 47.0,
    "exec_success": true
  },
  {
    "stdout_filepath": "problem_iter1_response15.txt_stdout.txt",
    "code_path": "problem_iter1_code15.py",
    "code": "import numpy as np\n\ndef priority_v2(item: float, bins_remain_cap: np.ndarray) -> np.ndarray:\n    \"\"\"Returns priority with which we want to add item to each bin.\n\n    Args:\n        item: Size of item to be added to the bin.\n        bins_remain_cap: Array of capacities for each bin.\n\n    Return:\n        Array of same size as bins_remain_cap with priority score of each bin.\n    \"\"\"\n    priorities = np.zeros_like(bins_remain_cap)\n\n    # A bin must have at least item size capacity\n    eligible_bins = bins_remain_cap >= item\n\n    if not np.any(eligible_bins):\n      # No bin can fit the item, prioritize creating a new bin. Since we cannot create bins in this problem. We'll assign lowest priority possible\n      return np.zeros_like(bins_remain_cap) - np.inf # Give a large negative number to effectively say these are impossible.\n\n    # First priority: Bins that can fit the item with minimal waste (highest fill ratio). Avoid fragmentation!\n    fill_ratio = item / bins_remain_cap\n    fill_ratio[~eligible_bins] = -np.inf # Disqualify bins that can't fit.\n    priorities = fill_ratio\n\n\n    # Add a small bonus for bins that are already relatively full. This promotes utilizing bins further before opening new ones.\n    existing_fill = 1 - (bins_remain_cap / np.max(bins_remain_cap))  # Assuming bins all have same max capacity, normalize\n    priorities[eligible_bins] += 0.1 * existing_fill[eligible_bins] #Adjustable weighting factor to existing_fill bonus.\n\n\n    # Penalty for bins that have *just enough* space; Encourages more even filling\n    # Avoiding situations where next few items can *only* go in that single bin creating bottlenecks.\n\n    small_gap = (bins_remain_cap - item) < (0.2 * np.max(bins_remain_cap)) #Bins with nearly perfect fits\n    priorities[small_gap & eligible_bins] -= 0.05 #Adjustable penalty factor\n\n\n    return priorities",
    "response_id": 15,
    "tryHS": false,
    "obj": 4.01874750698045,
    "SLOC": 12.0,
    "cyclomatic_complexity": 4.0,
    "halstead": 74.23092131656186,
    "mi": 78.66680715880324,
    "token_count": 146.0,
    "exec_success": true
  }
]